
USE `selling`;

LOCK TABLES `agent` WRITE;
/*!40000 ALTER TABLE `agent` DISABLE KEYS */;
INSERT INTO `agent` VALUES ('AGTeefoeo87',NULL,0,0,'王旻','M','15869696969','46','f85e65970c62c8b667f315fdebee5505',NULL,6,NULL,0,0,'2016-06-23 17:00:42'),('AGTeoyiel50',NULL,0,0,'wangdi','F','18994050872','南京','430bad64fbd395fec55cfd428641c21e',NULL,7,NULL,1,0,'2016-06-21 13:07:40'),('AGTfeoeyl96',NULL,0,0,'点解点解','M','15805166899','守家','b5bf27b2555de44e3df2230080db5a1d',NULL,6,NULL,0,0,'2016-06-23 17:13:16'),('AGTfoolvy45',NULL,0,0,'翟','M','15634233636','是','67d77086409d29be26ffc46270dc142f',NULL,56,NULL,0,0,'2016-06-23 17:28:54'),('AGTfrrofe9',NULL,0,0,'刘嘉','M','18662702209','江苏省南京市汉口路22号','e10adc3949ba59abbe56e057f20f883e',NULL,40,NULL,1,0,'2016-06-21 10:51:40'),('AGTllfefy86',NULL,0,0,'的话','M','15869652356','速速','d3cb757121f725fe825a1176031a1c14',NULL,6,NULL,0,0,'2016-06-23 17:07:32'),('AGTrewlfr7',NULL,0,0,'周文王','M','15850580905','南京大学','e10adc3949ba59abbe56e057f20f883e','ozqMbv2Mlx3VmPQMIFNJaNIlPOgk',5,NULL,1,0,'2016-06-19 15:39:30'),('AGTrlorvl21',NULL,0.02,0,'王旻','M','15805166833','江苏省南京是汉口路22号','e10adc3949ba59abbe56e057f20f883e','ozqMbv01oBIlNd4g7YA94oh6n4Ys',50,NULL,1,0,'2016-06-19 15:39:37'),('AGTwolrye13',NULL,0,0,'SJ','M','15805166966','sjjs','77cbc257e66302866cf6191754c0c8e3',NULL,6,NULL,0,0,'2016-06-23 16:46:56'),('AGTwylxfz73',NULL,0,0,'王晓迪','M','15805167546','江苏南京鼓楼','e10adc3949ba59abbe56e057f20f883e',NULL,20,NULL,1,0,'2016-06-19 15:39:49'),('AGTxvviev79',NULL,0,0,'测试1','M','15805166834','不知道','700f6fa0edb608ee5cc3cfa63f1c94cc',NULL,6,NULL,0,0,'2016-06-23 17:21:25'),('AGTylfflz66',NULL,0,0,'章许帆','M','15895862305','江苏省南京市鼓楼区汉口路22号','ba0f58ea98e159854d3434ce2b6b04e1','ozqMbv3Q_cVoUmsxKsnutvDmHmfE',20,NULL,1,0,'2016-06-19 15:40:07');
/*!40000 ALTER TABLE `agent` ENABLE KEYS */;
UNLOCK TABLES;

LOCK TABLES `credit_info` WRITE;
/*!40000 ALTER TABLE `credit_info` DISABLE KEYS */;
INSERT INTO `credit_info` VALUES ('CREeeefow32','AGTylfflz66','/material/upload/20160619/THfrzeoi41.jpeg','/material/upload/20160619/THryxlxy14.jpeg',0,'2016-06-19 15:40:07'),('CREeflxwe81','AGTfrrofe9','/material/upload/20160621/THolxfey96.jpeg','/material/upload/20160621/THwfllxy53.jpeg',0,'2016-06-21 10:51:40'),('CREelfeew36','AGTrlorvl21','/material/upload/20160619/THzyfyef61.png','/material/upload/20160619/THfylyry36.jpeg',0,'2016-06-19 15:39:37'),('CREeoeflf53','AGTxvviev79','/material/upload/20160623/THfzvioe46.jpg','/material/upload/20160623/THerlloo28.jpg',0,'2016-06-23 17:21:31'),('CREflooyx34','AGTrewlfr7','/material/upload/20160619/THoyxwle20.jpeg','/material/upload/20160619/THyffryv9.jpeg',0,'2016-06-19 15:39:30'),('CREflrxee30','AGTfoolvy45','/material/upload/20160623/THlzfleo24.jpg','/material/upload/20160623/THwofxie91.jpg',0,'2016-06-23 17:28:59'),('CREovfoeo41','AGTeoyiel50','/material/upload/20160621/THoeeelr76.jpg','/material/upload/20160621/THflxliz31.jpg',0,'2016-06-21 13:07:40'),('CREwlflly32','AGTwylxfz73','/material/upload/20160619/THollfyf24.jpg','/material/upload/20160619/THleyrlo8.jpg',0,'2016-06-19 15:39:49');
/*!40000 ALTER TABLE `credit_info` ENABLE KEYS */;
UNLOCK TABLES;

LOCK TABLES `customer` WRITE;
/*!40000 ALTER TABLE `customer` DISABLE KEYS */;
INSERT INTO `customer` VALUES ('CUSeeffle14','李克勤','AGTrlorvl21',0,0,'2016-06-22 13:38:25',NULL),('CUSezxzfy22','李彦宏','AGTrlorvl21',0,0,'2016-06-22 13:37:54',NULL),('CUSffoyrl45','马化腾','AGTrlorvl21',0,0,'2016-06-19 15:42:50',NULL),('CUSfreyel88','李四','AGTwylxfz73',0,0,'2016-06-19 15:54:19',NULL),('CUSfyrxel59','宝马','AGTrlorvl21',0,0,'2016-06-22 13:36:35',NULL),('CUSlilefv64','宋仲基','AGTrewlfr7',0,0,'2016-06-19 15:46:24',NULL),('CUSllwxez81','马英九','AGTrlorvl21',0,0,'2016-06-22 13:34:46',NULL),('CUSlxfilv35','马云','AGTrlorvl21',0,0,'2016-06-22 13:33:28',NULL),('CUSorzvvv30','李咏','AGTrlorvl21',0,0,'2016-06-22 14:02:05',NULL),('CUSrolyeo12','马尔代夫','AGTrlorvl21',0,0,'2016-06-22 13:35:09',NULL),('CUSwefevl98','李易峰','AGTrlorvl21',0,0,'2016-06-22 13:39:22',NULL),('CUSwviyvf61','张三','AGTwylxfz73',0,1,'2016-06-19 15:47:10',NULL),('CUSyfvfve28','刘嘉','AGTfrrofe9',0,0,'2016-06-21 11:05:00',NULL),('CUSyfvvwv93','章剑','AGTylfflz66',0,0,'2016-06-19 15:46:05',NULL),('CUSyrlliy60','马尔代夫群岛','AGTrlorvl21',0,0,'2016-06-22 13:35:40',NULL),('CUSzeiooo57','马尼拉','AGTrlorvl21',0,0,'2016-06-22 13:37:06',NULL);
/*!40000 ALTER TABLE `customer` ENABLE KEYS */;
UNLOCK TABLES;

LOCK TABLES `customer_address` WRITE;
/*!40000 ALTER TABLE `customer_address` DISABLE KEYS */;
INSERT INTO `customer_address` VALUES ('ADRerlvro34','CUSfreyel88','浙江',1,'2016-06-19 16:08:48'),('ADRerzyyy37','CUSlilefv64','南京大学金陵',1,'2016-06-19 15:58:41'),('ADRexwxfe30','CUSlilefv64','南京大学金陵晚报',1,'2016-06-19 16:19:23'),('ADRexyyvf81','CUSffoyrl45','中国深圳市某某某区',1,'2016-06-19 15:42:50'),('ADRfeeflz82','CUSrolyeo12','台北市中正区重庆南路一段122号',0,'2016-06-22 13:35:09'),('ADRfefyll49','CUSyfvvwv93','江苏省南京市鼓楼区汉口路22导人',0,'2016-06-19 16:14:00'),('ADRfeyoyl83','CUSeeffle14','香港',0,'2016-06-22 13:38:25'),('ADRflflxe91','CUSlilefv64','南京大学南园博',1,'2016-06-19 15:49:29'),('ADRfyfwfr15','CUSlilefv64','南京大学',1,'2016-06-19 15:46:24'),('ADRfyoyev62','CUSwefevl98','北京市朝阳区京润水上花园别墅',0,'2016-06-22 13:39:22'),('ADRfyxeyf10','CUSlilefv64','南京大学金陵',1,'2016-06-19 16:09:44'),('ADRivvefl9','CUSlilefv64','南京大学金陵石化填满',1,'2016-06-19 16:10:24'),('ADRixzlir0','CUSlilefv64','南京大学金陵石化',1,'2016-06-19 16:09:57'),('ADRiyyeyz7','CUSyfvfve28','南京市鼓楼区北京西路二号新村3-103',0,'2016-06-21 11:05:00'),('ADRleizof81','CUSlilefv64','南京大学金陵石化填满你说你的',1,'2016-06-19 16:29:58'),('ADRlffwrv50','CUSlilefv64','南京大学金陵',1,'2016-06-19 16:15:12'),('ADRlilyxy50','CUSyfvvwv93','江苏省南京市鼓楼区汉口路22方领导人',1,'2016-06-19 16:12:04'),('ADRlleyly23','CUSyrlliy60','台北市中正区重庆南路一段122号',0,'2016-06-22 13:35:40'),('ADRlryvfw45','CUSlilefv64','南京大学南园3舍',1,'2016-06-19 15:50:14'),('ADRlvflvl70','CUSfyrxel59','慕尼黑宝马总部宝马大厦',0,'2016-06-22 13:36:35'),('ADRlxefof63','CUSlxfilv35',' 阿里巴巴集团 香港办事处 香港湾仔分域街18号捷利中心25层',0,'2016-06-22 13:33:28'),('ADRlxyovi9','CUSfreyel88','江苏',1,'2016-06-19 15:55:38'),('ADRoeevfl55','CUSlilefv64','南京大学',0,'2016-06-20 09:47:48'),('ADRoeyfoe37','CUSzeiooo57','马尼拉',0,'2016-06-22 13:37:06'),('ADRowllvx71','CUSfreyel88','云南',1,'2016-06-19 15:55:49'),('ADRoxfwrw81','CUSlilefv64','南京大学南园',1,'2016-06-19 15:49:09'),('ADRryryyi79','CUSlilefv64','南京大学',1,'2016-06-19 16:19:48'),('ADRveflff0','CUSlilefv64','南京大学南园',1,'2016-06-19 15:49:38'),('ADRvefyif24','CUSwviyvf61','南京',0,'2016-06-19 15:47:10'),('ADRvfeolf25','CUSorzvvv30','北京',0,'2016-06-22 14:02:05'),('ADRvoovvo33','CUSyfvvwv93','江苏省南京市鼓楼区汉口路22方法',1,'2016-06-19 16:11:51'),('ADRvweero66','CUSllwxez81','台北市中正区重庆南路一段122号',0,'2016-06-22 13:34:46'),('ADRvylyel81','CUSfreyel88','浙江杭州',0,'2016-06-19 16:10:50'),('ADRvyxeff45','CUSlilefv64','南京大学南园3舍',1,'2016-06-19 15:48:50'),('ADRwfeoww58','CUSffoyrl45','中国深圳市某某某22',0,'2016-06-19 16:08:03'),('ADRwfiozr47','CUSlilefv64','南京大学金陵石化填满你说',1,'2016-06-19 16:10:07'),('ADRwiyzlo47','CUSlilefv64','南京大学金陵石化填满你说你的',1,'2016-06-19 16:10:19'),('ADRxffrve11','CUSlilefv64','南京大学金陵554',1,'2016-06-19 15:58:31'),('ADRyirfey55','CUSffoyrl45','中国深圳市某某某',1,'2016-06-19 16:07:40'),('ADRyyyfor35','CUSlilefv64','南京大学金陵晚报',1,'2016-06-19 16:09:29'),('ADRzeiyox47','CUSyfvvwv93','江苏省南京市鼓楼区汉口路22号',1,'2016-06-19 15:46:05'),('ADRzfolio59','CUSfreyel88','云南',1,'2016-06-19 15:54:19'),('ADRzoieee40','CUSffoyrl45','中国深圳市某某某区22',1,'2016-06-19 16:07:28'),('ADRzozixo72','CUSlilefv64','南京大学金陵',1,'2016-06-19 15:53:56'),('ADRzywevf19','CUSezxzfy22','北京市海淀区海淀大街38号银科大厦19层',0,'2016-06-22 13:37:54');
/*!40000 ALTER TABLE `customer_address` ENABLE KEYS */;
UNLOCK TABLES;

LOCK TABLES `customer_order` WRITE;
/*!40000 ALTER TABLE `customer_order` DISABLE KEYS */;
INSERT INTO `customer_order` VALUES ('CUOelllre53','COMwxexyf77',NULL,NULL,1,'王旻','15805166833','甘肃兰州皋兰睡觉睡觉',0.02,0,0,'2016-06-19 12:57:31'),('CUOewolee35','COMyfxwez26','AGTrewlfr7',NULL,1,'我','15800000000','安徽合肥长丰你',0.01,1,0,'2016-06-20 12:56:10'),('CUOeyyfff90','COMyfxwez26','AGTrewlfr7',NULL,1,'章许帆','15895862305','北京昌平昌平还是说很多话',0.01,0,0,'2016-06-20 13:22:58'),('CUOeyzoef32','COMwxexyf77',NULL,NULL,2,'你的','15805685625','海外阿根廷阿根廷一个人',0.04,0,0,'2016-06-19 14:01:43'),('CUOfellye20','COMwxexyf77',NULL,NULL,1,'周文王','15850580905','澳门澳门澳门不知道',0.02,0,0,'2016-06-19 12:30:10'),('CUOfevexo48','COMwxexyf77','AGTefzioe24',NULL,1,'我','15000000000','澳门澳门澳门你',0.01,1,0,'2016-06-19 15:10:14'),('CUOflwlxz54','COMwxexyf77',NULL,NULL,1,'周文王','15850580905','澳门澳门澳门南京',0.02,1,0,'2016-06-19 13:41:08'),('CUOfvvoex92','COMyfxwez26','AGTrewlfr7',NULL,1,'你','15800000000','澳门澳门澳门在',0.01,0,0,'2016-06-20 13:21:18'),('CUOfvyvvx90','COMyfxwez26','AGTrewlfr7',NULL,1,'章许帆','15895862305','北京昌平昌平还是说很多话',0.01,0,0,'2016-06-20 13:22:26'),('CUOfwoifr76','COMwxexyf77',NULL,NULL,1,'王旻','15805166833','甘肃兰州皋兰睡觉睡觉',0.02,0,0,'2016-06-19 12:57:15'),('CUOieoffo61','COMyfxwez26','AGTrewlfr7',NULL,1,'我','15000000000','澳门澳门澳门南京',0.01,1,0,'2016-06-20 11:04:44'),('CUOieovfz69','COMwxexyf77','AGTefzioe24',NULL,1,'王旻','15805166833','北京昌平昌平一个人',0.01,1,0,'2016-06-19 14:19:24'),('CUOieyyel73','COMwxexyf77',NULL,NULL,1,'周文王','15850580905','澳门澳门澳门不知道',0.02,0,0,'2016-06-19 12:30:06'),('CUOlflvlo61','COMyfxwez26','AGTrewlfr7',NULL,1,'翟','15000000000','江苏南京高淳南京大学',0.01,1,0,'2016-06-20 11:01:57'),('CUOlfrvlv1','COMwxexyf77',NULL,NULL,2,'你的','15805685625','海外阿根廷阿根廷一个人',0.04,0,0,'2016-06-19 14:01:48'),('CUOllfzfo8','COMwxexyf77',NULL,NULL,1,'王旻','15866666666','内蒙古呼和浩特和林格尔不知道',0.02,0,0,'2016-06-19 12:35:12'),('CUOlllvoe29','COMwxexyf77',NULL,NULL,1,'王旻','15866666666','内蒙古呼和浩特和林格尔不知道',0.02,0,0,'2016-06-19 12:35:03'),('CUOllvvew24','COMwxexyf77','AGTefzioe24',NULL,1,'在','15866669999','安徽合肥长丰在一起',0.01,0,0,'2016-06-19 14:20:47'),('CUOllwyyl63','COMwxexyf77',NULL,NULL,2,'你的','15805685625','海外阿根廷阿根廷一个人',0.04,0,0,'2016-06-19 14:01:41'),('CUOlvolef47','COMwxexyf77',NULL,NULL,2,'你的','15805685625','海外阿根廷阿根廷一个人',0.04,0,0,'2016-06-19 14:00:51'),('CUOlyeyzy49','COMwxexyf77',NULL,NULL,1,'我啊','15805166833','澳门澳门澳门一个人',0.02,0,0,'2016-06-19 14:04:50'),('CUOoiolyl42','COMwxexyf77',NULL,NULL,1,'周文王','15850580905','澳门澳门澳门不知道',0.02,0,0,'2016-06-19 12:31:22'),('CUOoiyzwo15','COMwxexyf77',NULL,NULL,1,'周文王','15850580905','澳门澳门澳门不知道',0.02,0,0,'2016-06-19 12:29:56'),('CUOolylwf55','COMwxexyf77',NULL,NULL,1,'我的','15805166833','澳门澳门澳门双结局',0.02,0,0,'2016-06-19 14:11:25'),('CUOooxwyf50','COMwxexyf77',NULL,NULL,2,'你的','15805685625','海外阿根廷阿根廷一个人',0.04,0,0,'2016-06-19 14:01:47'),('CUOorioey95','COMwxexyf77',NULL,NULL,1,'你的','15805685625','海外阿根廷阿根廷一个人',0.02,0,0,'2016-06-19 14:00:16'),('CUOoxoefy43','COMwxexyf77',NULL,NULL,1,'王旻','15866666666','内蒙古呼和浩特和林格尔不知道',0.02,0,0,'2016-06-19 12:34:53'),('CUOoyefew17','COMwxexyf77','AGTefzioe24',NULL,1,'在','15866669999','安徽合肥长丰在一起',0.01,1,0,'2016-06-19 14:22:08'),('CUOrfvyzv11','COMwxexyf77','AGTefzioe24',NULL,1,'ud','15515556325','福建福州长乐在一起时',0.01,1,0,'2016-06-19 14:23:43'),('CUOrioxxy87','COMwxexyf77',NULL,NULL,2,'你的','15805685625','海外阿根廷阿根廷一个人',0.04,0,0,'2016-06-19 14:01:45'),('CUOroeeef90','COMyfxwez26','AGTrewlfr7',NULL,1,'我','15000000000','澳门澳门澳门南京',0.01,1,0,'2016-06-20 12:23:11'),('CUOveoyyy91','COMyfxwez26','AGTrewlfr7',NULL,1,'我','13000000000','安徽合肥长丰我',0.01,1,0,'2016-06-20 12:36:24'),('CUOvfwfef71','COMyfxwez26','AGTrewlfr7',NULL,1,'我','15000000000','澳门澳门澳门澳门特区',0.01,1,0,'2016-06-20 10:56:29'),('CUOvirfee32','COMwxexyf77',NULL,NULL,1,'你的','15805685625','海外阿根廷阿根廷一个人',0.02,0,0,'2016-06-19 14:00:04'),('CUOvizylf49','COMwxexyf77',NULL,NULL,1,'委屈难过','15805666666','澳门澳门澳门嘟嘟',0.02,0,0,'2016-06-19 13:24:58'),('CUOvlfvvv39','COMwxexyf77',NULL,NULL,1,'王旻','15866669999','海南海口海口不知道',0.02,0,0,'2016-06-19 12:42:38'),('CUOwlivfi74','COMyfxwez26','AGTrewlfr7',NULL,1,'你','15800000000','澳门澳门澳门在',0.01,1,0,'2016-06-20 13:21:29'),('CUOxrfvvw37','COMwxexyf77',NULL,NULL,1,'王旻','15805166833','甘肃兰州皋兰睡觉睡觉',0.02,0,0,'2016-06-19 12:57:25'),('CUOyerofe96','COMwxexyf77',NULL,NULL,1,'你的','15805685625','海外阿根廷阿根廷一个人',0.02,0,0,'2016-06-19 14:00:12'),('CUOyllrey77','COMwxexyf77',NULL,NULL,1,'周文王','15850580905','澳门澳门澳门不知道',0.02,0,0,'2016-06-19 12:30:53'),('CUOyoizve50','COMyfxwez26','AGTrewlfr7',NULL,1,'我','15800000000','澳门澳门澳门我',0.01,1,0,'2016-06-20 12:34:05'),('CUOyoozfy55','COMwxexyf77',NULL,NULL,1,'我的','15805166833','澳门澳门澳门双结局',0.02,0,0,'2016-06-19 14:10:59'),('CUOyvziff65','COMyfxwez26','AGTrewlfr7',NULL,1,'周文王','15850580905','安徽合肥长丰南京',0.01,1,0,'2016-06-20 10:53:33'),('CUOyxfxff72','COMyfxwez26','AGTrewlfr7',NULL,1,'我','18000000008','北京昌平昌平北京',0.01,1,0,'2016-06-20 12:25:06'),('CUOzellvw55','COMyfxwez26','AGTrewlfr7',NULL,1,'我','15600000000','北京昌平昌平吧',0.01,1,0,'2016-06-20 12:31:16');
/*!40000 ALTER TABLE `customer_order` ENABLE KEYS */;
UNLOCK TABLES;

LOCK TABLES `customer_order_bill` WRITE;
/*!40000 ALTER TABLE `customer_order_bill` DISABLE KEYS */;
INSERT INTO `customer_order_bill` VALUES ('COBeefvri18','CUOfwoifr76','wx_pub','117.136.45.101',0.02,0,0,'2016-06-19 12:57:16'),('COBefeyly17','CUOlvolef47','wx_pub','218.104.116.54',0.04,0,0,'2016-06-19 14:00:53'),('COBeleffi57','CUOoyefew17','wx_pub','218.104.116.54',0.01,1,0,'2016-06-19 14:22:09'),('COBeozfov81','CUOoiyzwo15','wx_pub','218.104.116.54',0.02,0,0,'2016-06-19 12:29:57'),('COBevfeee88','CUOfvyvvx90','wx_pub','218.104.116.54',0.01,0,0,'2016-06-20 13:22:29'),('COBexeeox76','CUOvirfee32','wx_pub','218.104.116.54',0.02,0,0,'2016-06-19 14:00:06'),('COBeyevzf32','CUOfvvoex92','wx_pub','218.104.116.54',0.01,0,0,'2016-06-20 13:21:20'),('COBfevxle29','CUOlflvlo61','wx_pub','218.104.116.54',0.01,1,0,'2016-06-20 11:01:59'),('COBfllefy23','CUOyoizve50','wx_pub','218.104.116.54',0.01,1,0,'2016-06-20 12:34:06'),('COBflwelr61','CUOwlivfi74','wx_pub','218.104.116.54',0.01,1,0,'2016-06-20 13:21:30'),('COBfolfoz88','CUOyoozfy55','wx_pub','218.104.116.54',0.02,0,0,'2016-06-19 14:11:01'),('COBfvivll12','CUOllvvew24','wx_pub','218.104.116.54',0.01,0,0,'2016-06-19 14:20:49'),('COBfzllvo41','CUOieyyel73','wx_pub','218.104.116.54',0.02,0,0,'2016-06-19 12:30:07'),('COBieveif27','CUOorioey95','wx_pub','218.104.116.54',0.02,0,0,'2016-06-19 14:00:17'),('COBiylfll61','CUOflwlxz54','wx_pub','218.104.116.54',0.02,1,0,'2016-06-19 13:41:10'),('COBlfflxe64','CUOelllre53','wx_pub','117.136.45.101',0.02,0,0,'2016-06-19 12:57:32'),('COBlvflrw45','CUOlllvoe29','wx_pub','218.104.116.54',0.02,0,0,'2016-06-19 12:35:04'),('COBlvlrel68','CUOyxfxff72','wx_pub','218.104.116.54',0.01,1,0,'2016-06-20 12:25:07'),('COBoezelo70','CUOolylwf55','wx_pub','218.104.116.54',0.02,0,0,'2016-06-19 14:11:26'),('COBolvoxl92','CUOieoffo61','wx_pub','218.104.116.54',0.01,1,0,'2016-06-20 11:04:45'),('COBooeeev16','CUOfellye20','wx_pub','218.104.116.54',0.02,0,0,'2016-06-19 12:30:11'),('COBovolyy73','CUOvizylf49','wx_pub','117.136.66.143',0.02,0,0,'2016-06-19 13:24:59'),('COBovvlwy37','CUOrfvyzv11','wx_pub','218.104.116.54',0.01,1,0,'2016-06-19 14:23:45'),('COBrevyyf33','CUOlyeyzy49','wx_pub','218.104.116.54',0.02,0,0,'2016-06-19 14:04:52'),('COBrflolx91','CUOfevexo48','wx_pub','218.104.116.54',0.01,1,0,'2016-06-19 15:10:15'),('COBryxvel50','CUOyvziff65','wx_pub','218.104.116.54',0.01,1,0,'2016-06-20 10:53:34'),('COBrzzoei51','CUOroeeef90','wx_pub','218.104.116.54',0.01,1,0,'2016-06-20 12:23:12'),('COBvilywv82','CUOzellvw55','wx_pub','218.104.116.54',0.01,1,0,'2016-06-20 12:31:19'),('COBvvoeee35','CUOvfwfef71','wx_pub','218.104.116.54',0.01,1,0,'2016-06-20 10:56:31'),('COBweefef65','CUOewolee35','wx_pub','218.104.116.54',0.01,1,0,'2016-06-20 12:56:11'),('COBxfleel20','CUOlfrvlv1','wx_pub','218.104.116.54',0.04,0,0,'2016-06-19 14:01:50'),('COBxixlef23','CUOoiolyl42','wx_pub','218.104.116.54',0.02,0,0,'2016-06-19 12:31:23'),('COByefzee28','CUOoxoefy43','wx_pub','218.104.116.54',0.02,0,0,'2016-06-19 12:34:55'),('COByoyvoy8','CUOveoyyy91','wx_pub','218.104.116.54',0.01,1,0,'2016-06-20 12:36:25'),('COByvffwe27','CUOxrfvvw37','wx_pub','117.136.45.101',0.02,0,0,'2016-06-19 12:57:26'),('COBzivvfe57','CUOieovfz69','wx_pub','218.104.116.54',0.01,1,0,'2016-06-19 14:19:25'),('COBziyoey47','CUOvlfvvv39','wx_pub','218.104.116.54',0.02,0,0,'2016-06-19 12:42:39');
/*!40000 ALTER TABLE `customer_order_bill` ENABLE KEYS */;
UNLOCK TABLES;

LOCK TABLES `customer_phone` WRITE;
/*!40000 ALTER TABLE `customer_phone` DISABLE KEYS */;
INSERT INTO `customer_phone` VALUES ('PNMexvfrf98','CUSlilefv64','15000000000',0,'2016-06-19 15:46:24'),('PNMeyzrrf51','CUSrolyeo12','18849758373',0,'2016-06-22 13:35:09'),('PNMffefel22','CUSezxzfy22','17388333333',0,'2016-06-22 13:37:54'),('PNMfylvve91','CUSfyrxel59','15968489999',0,'2016-06-22 13:36:35'),('PNMfzilee23','CUSllwxez81','13458484848',0,'2016-06-22 13:34:46'),('PNMilzvvl8','CUSeeffle14','18494944333',0,'2016-06-22 13:38:25'),('PNMiylofx86','CUSorzvvv30','18343736134',0,'2016-06-22 14:02:05'),('PNMleewyf38','CUSyfvfve28','18662702209',0,'2016-06-21 11:05:00'),('PNMlolxxx14','CUSfreyel88','15764568594',0,'2016-06-19 15:54:19'),('PNMofilyw75','CUSlxfilv35','18566667777',0,'2016-06-22 13:33:28'),('PNMrfeeyf85','CUSffoyrl45','15986569998',0,'2016-06-19 15:42:50'),('PNMviezoi1','CUSyfvvwv93','13044630938',0,'2016-06-19 15:46:05'),('PNMvolyyi44','CUSwefevl98','18822229999',0,'2016-06-22 13:39:22'),('PNMwfrliv37','CUSwviyvf61','15764568594',0,'2016-06-19 15:47:10'),('PNMwoeyew68','CUSyrlliy60','15933332222',0,'2016-06-22 13:35:40'),('PNMyvolwl52','CUSzeiooo57','18494943333',0,'2016-06-22 13:37:06');
/*!40000 ALTER TABLE `customer_phone` ENABLE KEYS */;
UNLOCK TABLES;

LOCK TABLES `deposit_bill` WRITE;
/*!40000 ALTER TABLE `deposit_bill` DISABLE KEYS */;
INSERT INTO `deposit_bill` VALUES ('DPBelilll87','AGTwylxfz73','wx_pub','218.104.116.54',0.01,1,0,'2016-06-19 15:46:12'),('DPBelvfzi67','AGTrlorvl21','wx_pub','117.136.45.101',0.01,1,0,'2016-06-21 11:08:47'),('DPBleovvx75','AGTrlorvl21','wx_pub','45.62.96.197',0.01,0,0,'2016-06-19 16:46:12'),('DPBlrovyi2','AGTylfflz66','wx_pub','211.162.81.115',1,0,0,'2016-06-21 10:57:41'),('DPBoixlee6','AGTylfflz66','wx_pub','211.162.81.115',0.01,0,0,'2016-06-21 10:44:45'),('DPBzyrrze50','AGTrlorvl21','wx_pub','45.62.96.197',0.01,1,0,'2016-06-19 16:46:23');
/*!40000 ALTER TABLE `deposit_bill` ENABLE KEYS */;
UNLOCK TABLES;

LOCK TABLES `follower` WRITE;
/*!40000 ALTER TABLE `follower` DISABLE KEYS */;
INSERT INTO `follower` VALUES ('ozqMbv01oBIlNd4g7YA94oh6n4Ys','王旻',1,'南京','江苏',0,'2016-06-19 15:37:05'),('ozqMbv3Q_cVoUmsxKsnutvDmHmfE','章许帆',1,'南京','江苏',0,'2016-06-19 15:52:47'),('ozqMbv4C-tpz8yXQ5x_5Sb5Scz9o','今天',1,'南京','江苏',0,'2016-06-20 11:24:21'),('ozqMbvwv6XTlyc8n5Ju963mQDYXw','王晓迪',1,'南京','江苏',0,'2016-06-19 15:37:37'),('ozqMbvxvlX0O8wBeRbwbpLDNo5pA','雯雯',2,'南京','江苏',0,'2016-06-22 14:24:29');
/*!40000 ALTER TABLE `follower` ENABLE KEYS */;
UNLOCK TABLES;

LOCK TABLES `goods` WRITE;
/*!40000 ALTER TABLE `goods` DISABLE KEYS */;
INSERT INTO `goods` VALUES ('COMyfxwez26','三七粉',398,0.01,'三七粉，岂止于养生',0,'2016-06-19 15:45:25');
/*!40000 ALTER TABLE `goods` ENABLE KEYS */;
UNLOCK TABLES;

LOCK TABLES `manager` WRITE;
/*!40000 ALTER TABLE `manager` DISABLE KEYS */;
INSERT INTO `manager` VALUES ('MNG00000001','admin','21232f297a57a5a743894a0e4a801fc3');
/*!40000 ALTER TABLE `manager` ENABLE KEYS */;
UNLOCK TABLES;


LOCK TABLES `order` WRITE;
/*!40000 ALTER TABLE `order` DISABLE KEYS */;
INSERT INTO `order` VALUES ('ODReefywx44','AGTrlorvl21',2,0.01,0,'2016-06-19 15:45:43'),('ODRelfefv45','AGTrlorvl21',1,0.10999999999999997,0,'2016-06-22 13:43:00'),('ODRevlflx19','AGTylfflz66',1,0.01,0,'2016-06-19 15:46:26'),('ODRfloofy20','AGTrewlfr7',1,0.01,1,'2016-06-19 15:46:53'),('ODRiflowv77','AGTfrrofe9',1,0.01,0,'2016-06-21 11:05:45'),('ODRifyovo47','AGTrlorvl21',1,0.01,0,'2016-06-22 14:04:41'),('ODRlvzfef21','AGTrewlfr7',0,0.01,1,'2016-06-19 15:58:53'),('ODRolwfze79','AGTrlorvl21',1,0.10999999999999999,1,'2016-06-22 14:03:53'),('ODRovoyze1','AGTrewlfr7',2,0.01,0,'2016-06-20 10:11:22'),('ODRrzlfle29','AGTwylxfz73',2,0.01,0,'2016-06-19 15:47:16'),('ODRvfxflf95','AGTrewlfr7',2,0.01,0,'2016-06-20 09:56:43'),('ODRvofefl80','AGTrewlfr7',0,0.01,1,'2016-06-20 09:50:33'),('ODRvrvlrv73','AGTrlorvl21',1,0.02,0,'2016-06-22 14:05:23'),('ODRwoeyvl0','AGTrewlfr7',1,0.15,1,'2016-06-19 16:31:27'),('ODRwzvfly89','AGTrlorvl21',1,298,1,'2016-06-19 15:43:00'),('ODRxvefoe69','AGTrewlfr7',1,0.01,0,'2016-06-20 11:23:30'),('ODRyewlxx24','AGTrlorvl21',1,0.02,0,'2016-06-22 14:06:04'),('ODRzeyoll88','AGTrewlfr7',2,0.01,0,'2016-06-20 10:03:02');
/*!40000 ALTER TABLE `order` ENABLE KEYS */;
UNLOCK TABLES;


LOCK TABLES `order_bill` WRITE;
/*!40000 ALTER TABLE `order_bill` DISABLE KEYS */;
INSERT INTO `order_bill` VALUES ('ODBefzzly96','AGTrewlfr7','ODRvfxflf95','wx_pub','218.104.116.54',0.01,0,0,'2016-06-20 09:56:48'),('ODBeorifo59','AGTrewlfr7','ODRzeyoll88','wx_pub','218.104.116.54',0.01,1,0,'2016-06-20 10:03:31'),('ODBexyeel24','AGTrlorvl21','ODRyewlxx24','wx_pub','117.136.45.101',0.02,0,0,'2016-06-22 15:25:07'),('ODBfiywyv64','AGTwylxfz73','ODRrzlfle29','coffer','218.104.116.54',0.01,1,0,'2016-06-19 15:47:21'),('ODBfllywr19','AGTrewlfr7','ODRvfxflf95','wx_pub','218.104.116.54',0.01,1,0,'2016-06-20 09:56:59'),('ODBlvwiyf51','AGTrlorvl21','ODReefywx44','wx_pub','117.136.45.101',0.01,1,0,'2016-06-19 15:45:46'),('ODBowezyw75','AGTylfflz66','ODRevlflx19','wx_pub','211.162.81.115',0.01,0,0,'2016-06-21 10:57:19'),('ODBrwlfly61','AGTrewlfr7','ODRwoeyvl0','wx_pub','218.104.116.54',0.15,0,0,'2016-06-19 16:33:03'),('ODBwezoyo58','AGTrlorvl21','ODRwzvfly89','wx_pub','117.136.45.101',298,0,0,'2016-06-19 15:44:48'),('ODBwvlwyl64','AGTrewlfr7','ODRxvefoe69','wx_pub','218.104.116.54',0.01,0,0,'2016-06-20 11:23:38'),('ODBxwzlie55','AGTrewlfr7','ODRxvefoe69','wx_pub','218.104.116.54',0.01,0,0,'2016-06-20 11:23:47'),('ODBzfewel77','AGTrewlfr7','ODRovoyze1','wx_pub','218.104.116.54',0.01,1,0,'2016-06-20 10:11:43');
/*!40000 ALTER TABLE `order_bill` ENABLE KEYS */;
UNLOCK TABLES;


LOCK TABLES `order_item` WRITE;
/*!40000 ALTER TABLE `order_item` DISABLE KEYS */;
INSERT INTO `order_item` VALUES ('ORIeflzyy25','ODRelfefv45','COMyfxwez26',0,'香港',1,0.01,'CUSeeffle14',0,'2016-06-22 14:04:21'),('ORIefwfle60','ODRolwfze79','COMyfxwez26',0,'台北市中正区重庆南路一段122号',1,0.01,'CUSyrlliy60',0,'2016-06-22 14:22:05'),('ORIefyeei70','ODRevlflx19','COMyfxwez26',0,'江苏省南京市鼓楼区汉口路22号',1,0.01,'CUSyfvvwv93',0,'2016-06-21 10:57:15'),('ORIeioele91','ODRrzlfle29','COMyfxwez26',1,'南京',1,0.01,'CUSwviyvf61',0,'2016-06-19 15:47:21'),('ORIelolwl45','ODRolwfze79','COMyfxwez26',0,'台北市中正区重庆南路一段122号',1,0.01,'CUSllwxez81',0,'2016-06-22 14:22:05'),('ORIevfief32','ODRelfefv45','COMyfxwez26',0,'北京市海淀区海淀大街38号银科大厦19层',1,0.01,'CUSezxzfy22',0,'2016-06-22 14:04:21'),('ORIfeellv96','ODRelfefv45','COMyfxwez26',0,'慕尼黑宝马总部宝马大厦',1,0.01,'CUSfyrxel59',0,'2016-06-22 14:04:21'),('ORIfffzoo4','ODRolwfze79','COMyfxwez26',0,' 阿里巴巴集团 香港办事处 香港湾仔分域街18号捷利中心25层',1,0.01,'CUSlxfilv35',0,'2016-06-22 14:22:05'),('ORIffllyl37','ODRvrvlrv73','COMyfxwez26',0,'北京市海淀区海淀大街38号银科大厦19层',1,0.01,'CUSezxzfy22',0,'2016-06-22 14:05:23'),('ORIfvvzvr95','ODRvfxflf95','COMyfxwez26',1,'南京大学',1,0.01,'CUSlilefv64',0,'2016-06-20 09:57:23'),('ORIielefv41','ODRelfefv45','COMyfxwez26',0,'马尼拉',2,0.02,'CUSzeiooo57',0,'2016-06-22 14:04:21'),('ORIilrvxy55','ODRolwfze79','COMyfxwez26',0,'台北市中正区重庆南路一段122号',1,0.01,'CUSyrlliy60',0,'2016-06-22 14:22:05'),('ORIivywef0','ODRovoyze1','COMyfxwez26',1,'南京大学',1,0.01,'CUSlilefv64',0,'2016-06-20 10:11:54'),('ORIlelyro40','ODRifyovo47','COMyfxwez26',0,'香港',1,0.01,'CUSeeffle14',0,'2016-06-22 14:04:41'),('ORIlivole86','ODRxvefoe69','COMyfxwez26',0,'南京大学',1,0.01,'CUSlilefv64',0,'2016-06-20 11:23:30'),('ORIllwvew90','ODRvofefl80','COMyfxwez26',0,'南京大学',1,0.01,'CUSlilefv64',0,'2016-06-20 09:50:33'),('ORIlvirfw8','ODRelfefv45','COMyfxwez26',0,'台北市中正区重庆南路一段122号',1,0.01,'CUSllwxez81',0,'2016-06-22 14:04:21'),('ORIlvwwfo56','ODRvrvlrv73','COMyfxwez26',0,'香港',1,0.01,'CUSeeffle14',0,'2016-06-22 14:05:23'),('ORIlyleef90','ODRolwfze79','COMyfxwez26',0,'北京市海淀区海淀大街38号银科大厦19层',1,0.01,'CUSezxzfy22',0,'2016-06-22 14:22:05'),('ORIolvewo47','ODRolwfze79','COMyfxwez26',0,'香港',1,0.01,'CUSeeffle14',0,'2016-06-22 14:22:05'),('ORIoyllio44','ODRolwfze79','COMyfxwez26',0,'慕尼黑宝马总部宝马大厦',1,0.01,'CUSfyrxel59',0,'2016-06-22 14:22:05'),('ORIozooxe97','ODRelfefv45','COMyfxwez26',0,'台北市中正区重庆南路一段122号',2,0.02,'CUSrolyeo12',0,'2016-06-22 14:04:21'),('ORIrfxlfr30','ODRlvzfef21','COMyfxwez26',0,'南京大学金陵',1,0.01,'CUSlilefv64',0,'2016-06-19 15:58:53'),('ORIrlvflo29','ODRolwfze79','COMyfxwez26',0,'台北市中正区重庆南路一段122号',1,0.01,'CUSrolyeo12',0,'2016-06-22 14:22:05'),('ORIveizff37','ODRelfefv45','COMyfxwez26',0,'中国深圳市某某某22',1,0.01,'CUSffoyrl45',0,'2016-06-22 14:04:21'),('ORIvwwllr88','ODRolwfze79','COMyfxwez26',0,'马尼拉',1,0.01,'CUSzeiooo57',0,'2016-06-22 14:22:05'),('ORIvzfowy4','ODRiflowv77','COMyfxwez26',0,'南京市鼓楼区北京西路二号新村3-103',1,0.01,'CUSyfvfve28',0,'2016-06-21 11:05:45'),('ORIweefvy97','ODRelfefv45','COMyfxwez26',0,'北京市朝阳区京润水上花园别墅',2,0.02,'CUSwefevl98',0,'2016-06-22 14:04:21'),('ORIwvwfof30','ODRyewlxx24','COMyfxwez26',0,'北京市海淀区海淀大街38号银科大厦19层',1,0.01,'CUSezxzfy22',0,'2016-06-22 15:25:03'),('ORIxyyrfr92','ODReefywx44','COMyfxwez26',1,'中国深圳市某某某区',1,0.01,'CUSffoyrl45',0,'2016-06-19 15:46:04'),('ORIxzlier20','ODRwzvfly89','COMyfxwez26',0,'中国深圳市某某某区',1,298,'CUSffoyrl45',0,'2016-06-19 15:44:45'),('ORIxzvlex10','ODRolwfze79','COMyfxwez26',0,' 北京',1,0.01,'CUSorzvvv30',0,'2016-06-22 14:22:05'),('ORIyoerll19','ODRyewlxx24','COMyfxwez26',0,'香港',1,0.01,'CUSeeffle14',0,'2016-06-22 15:25:03'),('ORIyvoxoe75','ODRolwfze79','COMyfxwez26',0,'中国深圳市某某某22',1,0.01,'CUSffoyrl45',0,'2016-06-22 14:22:05'),('ORIyxolee31','ODRfloofy20','COMyfxwez26',0,'南京大学',1,0.01,'CUSlilefv64',0,'2016-06-19 16:04:16'),('ORIzeefey55','ODRzeyoll88','COMyfxwez26',1,'南京大学',1,0.01,'CUSlilefv64',0,'2016-06-20 10:03:42'),('ORIzliief20','ODRwoeyvl0','COMyfxwez26',0,'南京大学金陵石化填满你说你的',15,0.15,'CUSlilefv64',0,'2016-06-19 16:32:57');
/*!40000 ALTER TABLE `order_item` ENABLE KEYS */;
UNLOCK TABLES;


LOCK TABLES `role` WRITE;
/*!40000 ALTER TABLE `role` DISABLE KEYS */;
INSERT INTO `role` VALUES ('ROL00000001','admin',0,'2016-05-03 11:00:00'),('ROL00000002','agent',0,'2016-05-03 11:00:10');
/*!40000 ALTER TABLE `role` ENABLE KEYS */;
UNLOCK TABLES;

LOCK TABLES `user` WRITE;
/*!40000 ALTER TABLE `user` DISABLE KEYS */;
INSERT INTO `user` VALUES ('USR00000001','admin','21232f297a57a5a743894a0e4a801fc3','ROL00000001','MNG00000001',NULL,0,'2016-05-03 11:00:20'),('USReyofez14','15850580905','e10adc3949ba59abbe56e057f20f883e','ROL00000002',NULL,'AGTrewlfr7',0,'2016-06-19 15:39:30'),('USRfyvrwo26','15869696969','f85e65970c62c8b667f315fdebee5505','ROL00000002',NULL,'AGTeefoeo87',0,'2016-06-23 17:00:42'),('USRixwfyr89','15805166899','b5bf27b2555de44e3df2230080db5a1d','ROL00000002',NULL,'AGTfeoeyl96',0,'2016-06-23 17:13:16'),('USRlrvyoy13','18662702209','e10adc3949ba59abbe56e057f20f883e','ROL00000002',NULL,'AGTfrrofe9',0,'2016-06-21 10:51:40'),('USRlxoyve63','15805166966','77cbc257e66302866cf6191754c0c8e3','ROL00000002',NULL,'AGTwolrye13',0,'2016-06-23 16:46:56'),('USRollwyx66','15869652356','d3cb757121f725fe825a1176031a1c14','ROL00000002',NULL,'AGTllfefy86',0,'2016-06-23 17:07:32'),('USRroifrl26','15805166833','e10adc3949ba59abbe56e057f20f883e','ROL00000002',NULL,'AGTrlorvl21',0,'2016-06-19 15:39:37'),('USRwofoif51','15805166834','700f6fa0edb608ee5cc3cfa63f1c94cc','ROL00000002',NULL,'AGTxvviev79',0,'2016-06-23 17:21:25'),('USRyffrfe70','15634233636','67d77086409d29be26ffc46270dc142f','ROL00000002',NULL,'AGTfoolvy45',0,'2016-06-23 17:28:54'),('USRyveovw36','18994050872','430bad64fbd395fec55cfd428641c21e','ROL00000002',NULL,'AGTeoyiel50',0,'2016-06-21 13:07:40'),('USRzoelwx79','15805167546','e10adc3949ba59abbe56e057f20f883e','ROL00000002',NULL,'AGTwylxfz73',0,'2016-06-19 15:39:49'),('USRzzffvl96','15895862305','ba0f58ea98e159854d3434ce2b6b04e1','ROL00000002',NULL,'AGTylfflz66',0,'2016-06-19 15:40:07');
/*!40000 ALTER TABLE `user` ENABLE KEYS */;
UNLOCK TABLES;

LOCK TABLES `withdraw_record` WRITE;
/*!40000 ALTER TABLE `withdraw_record` DISABLE KEYS */;
INSERT INTO `withdraw_record` VALUES ('WIDffyifl25','AGTwylxfz73',1,'ozqMbvwv6XTlyc8n5Ju963mQDYXw',1,0,0,'2016-06-19 15:57:12');
/*!40000 ALTER TABLE `withdraw_record` ENABLE KEYS */;
UNLOCK TABLES;

